{"val/loss":1.84990868434906,"_runtime":1823.9715901,"train/accuracy":91.962,"_step":29,"epoch":29,"train/learning_rate":4e-05,"_wandb":{"runtime":1879},"val/accuracy":62.44,"_timestamp":1.730679917866682e+09,"train/loss":0.13381350317001342,"best_val_accuracy":62.62}